<?xml version="1.0" encoding="UTF-8"?>
<rss version="2.0" xmlns:ror="http://rorweb.com/0.1/" >
<channel>
  <title>ROR Sitemap for https://washsmart.services/</title>
  <link>https://washsmart.services/</link>

<item>
     <link>https://washsmart.services/</link>
     <title>Wash Smart Services</title>
     <description>Wash Smart Services</description>
     <ror:updatePeriod></ror:updatePeriod>
     <ror:sortOrder>0</ror:sortOrder>
     <ror:resourceOf>sitemap</ror:resourceOf>
</item>
<item>
     <link>https://washsmart.services/index.html</link>
     <title>Wash Smart Services</title>
     <description>Wash Smart Services</description>
     <ror:updatePeriod></ror:updatePeriod>
     <ror:sortOrder>1</ror:sortOrder>
     <ror:resourceOf>sitemap</ror:resourceOf>
</item>
<item>
     <link>https://washsmart.services/about.html</link>
     <title>Wash Smart Services</title>
     <description>Wash Smart Services</description>
     <ror:updatePeriod></ror:updatePeriod>
     <ror:sortOrder>1</ror:sortOrder>
     <ror:resourceOf>sitemap</ror:resourceOf>
</item>
<item>
     <link>https://washsmart.services/services.html</link>
     <title>Wash Smart Services</title>
     <description>Wash Smart Services</description>
     <ror:updatePeriod></ror:updatePeriod>
     <ror:sortOrder>1</ror:sortOrder>
     <ror:resourceOf>sitemap</ror:resourceOf>
</item>
<item>
     <link>https://washsmart.services/diagnostic-automobile.html</link>
     <title>Wash Smart Services</title>
     <description>Wash Smart Services</description>
     <ror:updatePeriod></ror:updatePeriod>
     <ror:sortOrder>1</ror:sortOrder>
     <ror:resourceOf>sitemap</ror:resourceOf>
</item>
<item>
     <link>https://washsmart.services/vidange-express.html</link>
     <title>Wash Smart Services</title>
     <description>Wash Smart Services</description>
     <ror:updatePeriod></ror:updatePeriod>
     <ror:sortOrder>1</ror:sortOrder>
     <ror:resourceOf>sitemap</ror:resourceOf>
</item>
<item>
     <link>https://washsmart.services/vidange-complait.html</link>
     <title>Wash Smart Services</title>
     <description>Wash Smart Services</description>
     <ror:updatePeriod></ror:updatePeriod>
     <ror:sortOrder>1</ror:sortOrder>
     <ror:resourceOf>sitemap</ror:resourceOf>
</item>
<item>
     <link>https://washsmart.services/lavage-automobile.html</link>
     <title>Wash Smart Services</title>
     <description>Wash Smart Services</description>
     <ror:updatePeriod></ror:updatePeriod>
     <ror:sortOrder>1</ror:sortOrder>
     <ror:resourceOf>sitemap</ror:resourceOf>
</item>
<item>
     <link>https://washsmart.services/polissage-nanoseramique.html</link>
     <title>Wash Smart Services</title>
     <description>Wash Smart Services</description>
     <ror:updatePeriod></ror:updatePeriod>
     <ror:sortOrder>1</ror:sortOrder>
     <ror:resourceOf>sitemap</ror:resourceOf>
</item>
<item>
     <link>https://washsmart.services/nettoyage-bureau.html</link>
     <title>Wash Smart Services</title>
     <description>Wash Smart Services</description>
     <ror:updatePeriod></ror:updatePeriod>
     <ror:sortOrder>1</ror:sortOrder>
     <ror:resourceOf>sitemap</ror:resourceOf>
</item>
<item>
     <link>https://washsmart.services/nettoyage-maison.html</link>
     <title>Wash Smart Services</title>
     <description>Wash Smart Services</description>
     <ror:updatePeriod></ror:updatePeriod>
     <ror:sortOrder>1</ror:sortOrder>
     <ror:resourceOf>sitemap</ror:resourceOf>
</item>
<item>
     <link>https://washsmart.services/services-personnalises.html</link>
     <title>Wash Smart Services</title>
     <description>Wash Smart Services</description>
     <ror:updatePeriod></ror:updatePeriod>
     <ror:sortOrder>1</ror:sortOrder>
     <ror:resourceOf>sitemap</ror:resourceOf>
</item>
<item>
     <link>https://washsmart.services/blog.html</link>
     <title>Wash Smart Services</title>
     <description>Wash Smart Services</description>
     <ror:updatePeriod></ror:updatePeriod>
     <ror:sortOrder>1</ror:sortOrder>
     <ror:resourceOf>sitemap</ror:resourceOf>
</item>
<item>
     <link>https://washsmart.services/contact.html</link>
     <title>Wash Smart Services</title>
     <description>Wash Smart Services</description>
     <ror:updatePeriod></ror:updatePeriod>
     <ror:sortOrder>1</ror:sortOrder>
     <ror:resourceOf>sitemap</ror:resourceOf>
</item>
<item>
     <link>https://washsmart.services/en/index.html</link>
     <title>Wash Smart Services</title>
     <description>Wash Smart Services</description>
     <ror:updatePeriod></ror:updatePeriod>
     <ror:sortOrder>1</ror:sortOrder>
     <ror:resourceOf>sitemap</ror:resourceOf>
</item>
<item>
     <link>https://washsmart.services/blog-details.html</link>
     <title></title>
     
     <ror:updatePeriod></ror:updatePeriod>
     <ror:sortOrder>1</ror:sortOrder>
     <ror:resourceOf>sitemap</ror:resourceOf>
</item>
<item>
     <link>https://washsmart.services/en/about.html</link>
     <title>Wash Smart Services</title>
     <description>Wash Smart Services</description>
     <ror:updatePeriod></ror:updatePeriod>
     <ror:sortOrder>2</ror:sortOrder>
     <ror:resourceOf>sitemap</ror:resourceOf>
</item>
<item>
     <link>https://washsmart.services/en/services.html</link>
     <title>Wash Smart Services</title>
     <description>Wash Smart Services</description>
     <ror:updatePeriod></ror:updatePeriod>
     <ror:sortOrder>2</ror:sortOrder>
     <ror:resourceOf>sitemap</ror:resourceOf>
</item>
<item>
     <link>https://washsmart.services/en/diagnostic-automobile.html</link>
     <title>Wash Smart Services</title>
     <description>Wash Smart Services</description>
     <ror:updatePeriod></ror:updatePeriod>
     <ror:sortOrder>2</ror:sortOrder>
     <ror:resourceOf>sitemap</ror:resourceOf>
</item>
<item>
     <link>https://washsmart.services/en/vidange-express.html</link>
     <title>Wash Smart Services</title>
     <description>Wash Smart Services</description>
     <ror:updatePeriod></ror:updatePeriod>
     <ror:sortOrder>2</ror:sortOrder>
     <ror:resourceOf>sitemap</ror:resourceOf>
</item>
<item>
     <link>https://washsmart.services/en/vidange-complait.html</link>
     <title>Wash Smart Services</title>
     <description>Wash Smart Services</description>
     <ror:updatePeriod></ror:updatePeriod>
     <ror:sortOrder>2</ror:sortOrder>
     <ror:resourceOf>sitemap</ror:resourceOf>
</item>
<item>
     <link>https://washsmart.services/en/lavage-automobile.html</link>
     <title>Wash Smart Services</title>
     <description>Wash Smart Services</description>
     <ror:updatePeriod></ror:updatePeriod>
     <ror:sortOrder>2</ror:sortOrder>
     <ror:resourceOf>sitemap</ror:resourceOf>
</item>
<item>
     <link>https://washsmart.services/en/polissage-nanoseramique.html</link>
     <title>Wash Smart Services</title>
     <description>Wash Smart Services</description>
     <ror:updatePeriod></ror:updatePeriod>
     <ror:sortOrder>2</ror:sortOrder>
     <ror:resourceOf>sitemap</ror:resourceOf>
</item>
<item>
     <link>https://washsmart.services/en/nettoyage-bureau.html</link>
     <title>Wash Smart Services</title>
     <description>Wash Smart Services</description>
     <ror:updatePeriod></ror:updatePeriod>
     <ror:sortOrder>2</ror:sortOrder>
     <ror:resourceOf>sitemap</ror:resourceOf>
</item>
<item>
     <link>https://washsmart.services/en/nettoyage-maison.html</link>
     <title>Wash Smart Services</title>
     <description>Wash Smart Services</description>
     <ror:updatePeriod></ror:updatePeriod>
     <ror:sortOrder>2</ror:sortOrder>
     <ror:resourceOf>sitemap</ror:resourceOf>
</item>
<item>
     <link>https://washsmart.services/en/services-personnalises.html</link>
     <title>Wash Smart Services</title>
     <description>Wash Smart Services</description>
     <ror:updatePeriod></ror:updatePeriod>
     <ror:sortOrder>2</ror:sortOrder>
     <ror:resourceOf>sitemap</ror:resourceOf>
</item>
<item>
     <link>https://washsmart.services/en/blog.html</link>
     <title>Wash Smart Services</title>
     <description>Wash Smart Services</description>
     <ror:updatePeriod></ror:updatePeriod>
     <ror:sortOrder>2</ror:sortOrder>
     <ror:resourceOf>sitemap</ror:resourceOf>
</item>
<item>
     <link>https://washsmart.services/blog-2.html</link>
     <title>Wash Smart Services</title>
     <description>Wash Smart Services</description>
     <ror:updatePeriod></ror:updatePeriod>
     <ror:sortOrder>2</ror:sortOrder>
     <ror:resourceOf>sitemap</ror:resourceOf>
</item>
<item>
     <link>https://washsmart.services/en/contact.html</link>
     <title>Wash Smart Services</title>
     <description>Wash Smart Services</description>
     <ror:updatePeriod></ror:updatePeriod>
     <ror:sortOrder>2</ror:sortOrder>
     <ror:resourceOf>sitemap</ror:resourceOf>
</item>
<item>
     <link>https://washsmart.services/en/blog-details.html</link>
     <title></title>
     
     <ror:updatePeriod></ror:updatePeriod>
     <ror:sortOrder>2</ror:sortOrder>
     <ror:resourceOf>sitemap</ror:resourceOf>
</item>
<item>
     <link>https://washsmart.services/en/blog-2.html</link>
     <title>Wash Smart Services</title>
     <description>Wash Smart Services</description>
     <ror:updatePeriod></ror:updatePeriod>
     <ror:sortOrder>3</ror:sortOrder>
     <ror:resourceOf>sitemap</ror:resourceOf>
</item>
</channel>
</rss>
  